1,Therine,Henderson,26,Female
2,Merridie,Pearton,97,Female
3,Davidde,Ivanets,43,Male
4,Hobart,Charman,56,Male
5,Haydon,Lansly,98,Male
6,Kiah,Schrader,66,Female
7,Teriann,Floweth,36,Genderqueer
8,Tripp,Wrate,59,Male
9,Culley,Ibel,91,Male
10,Christye,Pheasey,68,Female
11,Odelinda,Camerana,71,Female
12,Ajay,Revie,88,Female
13,Alvis,Klemt,53,Male
14,Kaja,Snodin,21,Bigender
15,Gerry,Kwiek,27,Male
16,Atalanta,Mewha,87,Non-binary
17,Lorie,Creebo,35,Polygender
18,Vanda,Kaufman,25,Genderfluid
19,Rubia,Dishmon,16,Female
20,Culley,Corballis,32,Male
21,Corrine,April,91,Polygender
22,Lindon,Gyenes,77,Male
23,Merle,Dunrige,45,Male
24,Bertine,Lum,59,Female
25,Florie,Panther,70,Female
26,Deena,Utridge,57,Female
27,Karlik,Tineman,91,Male
28,Arluene,Emes,27,Female
29,Alex,Whytock,35,Female
30,Clement,Stacey,52,Male
31,Berke,Bellwood,92,Male
32,Brandy,Durman,79,Male
33,Jeremy,Ashling,21,Male
34,Darlleen,Downgate,15,Female
35,Shandie,Flicker,36,Female
36,Celka,Allott,90,Female
37,Cthrine,Domerq,28,Female
38,Caresse,Craigheid,26,Female
39,Dud,Waring,48,Male
40,Anders,Avrahamy,51,Male
41,Shelby,Tann,59,Male
42,Patten,Shucksmith,24,Male
43,Bertina,Plester,39,Female
44,Rourke,Fosten,50,Male
45,Grace,Antonsson,34,Female
46,Carissa,Daley,61,Female
47,Wadsworth,Slimme,43,Male
48,Lorie,Salzberger,33,Female
49,Marlo,Josskowitz,84,Male
50,Clarabelle,Coulling,13,Female
51,Kennedy,Whitehead,81,Male
52,Jorgan,Bools,44,Male
53,Kenna,Ovenden,80,Female
54,Marge,Garfit,49,Female
55,Jeanette,Coite,16,Female
56,Emera,Candie,96,Female
57,Tyrus,McGready,21,Male
58,Kassey,Spellard,32,Genderfluid
59,Noak,Findley,20,Male
60,Leif,Brickett,78,Male
61,Bea,Klampk,67,Female
62,Berky,Bindin,62,Male
63,Durand,McKerlie,60,Male
64,Garvey,Bladesmith,59,Male
65,Livy,Bolitho,22,Female
66,Robby,Bartlomieczak,56,Male
67,Corrinne,Gouley,41,Female
68,Krystyna,Squirrell,34,Female
69,Deck,Linch,66,Male
70,Dasie,Baugh,40,Female
71,Prue,Seeds,22,Female
72,Otha,Kinig,34,Bigender
73,Ervin,Pitt,53,Male
74,Miltie,Booij,15,Male
75,Klara,Gerrie,67,Female
76,Debbi,Chart,97,Female
77,Danell,Attyeo,76,Female
78,Salomon,Barltrop,19,Male
79,Rena,Lanahan,31,Genderfluid
80,Cyrillus,Glamart,64,Male
81,Sharline,Chicchetto,29,Female
82,Garvin,Girdlestone,33,Bigender
83,Nelie,Breinl,45,Female
84,George,Cuffin,72,Female
85,Julianna,Alster,29,Female
86,Laney,Inott,59,Male
87,Karlik,Stubbin,55,Male
88,Robbie,Jepperson,40,Male
89,Swen,Fateley,62,Male
90,Justin,Son,44,Male
91,Adeline,Christou,96,Female
92,Horst,Grunwald,61,Male
93,Wynne,Neagle,34,Female
94,Wandis,Mixon,54,Female
95,Rubi,Vowell,36,Female
96,Silvio,MacLaren,27,Male
97,Agnella,Oldis,65,Female
98,Derward,Precious,76,Male
99,Marwin,Bennion,64,Male
100,Skelly,Briant,95,Male
101,Burk,Simone,66,Male
102,Winifred,Stiell,35,Female
103,Nerita,Rickhuss,89,Female
104,Paulie,MacCarrick,96,Female
105,Brooks,Makepeace,77,Female
106,Patrick,Agnew,30,Genderqueer
107,Berky,Fouracres,35,Male
108,Christa,Myers,95,Non-binary
109,Danica,Booeln,55,Female
110,Powell,Filipychev,34,Male
111,Quintana,Francklyn,77,Female
112,Doe,Lindgren,82,Polygender
113,Brendis,Baudichon,60,Male
114,Dulci,Stonebridge,65,Female
115,Almeta,Elecum,73,Polygender
116,Penn,Kliche,98,Male
117,Sky,Stoaks,55,Male
118,Allayne,Betser,31,Male
119,Evelin,Lillyman,32,Male
120,Dillon,Bettesworth,48,Male
121,Vilhelmina,Grealy,80,Female
122,Nev,Grigolon,49,Male
123,Margot,Christer,74,Female
124,Townie,Dignon,73,Male
125,Dianna,Chern,17,Female
126,Parsifal,Agronski,29,Male
127,Sol,Okill,32,Polygender
128,Karin,Ondrousek,15,Agender
129,Byran,Fibbit,97,Male
130,Othello,Browell,87,Male
131,Sargent,Reubbens,78,Male
132,Daphene,Lemary,18,Female
133,Ferguson,Palatino,94,Male
134,Dennison,Basso,17,Male
135,Vicky,Bondar,76,Female
136,Dorise,Vevers,63,Bigender
137,Lazaro,Martinek,40,Male
138,Minnaminnie,Ardern,13,Female
139,Melicent,Monelli,97,Female
140,Gaspard,Klamman,61,Male
141,Emelen,Gaukroger,84,Male
142,Kellsie,Fyfe,48,Female
143,Freddie,Vernazza,83,Male
144,Edgard,Labeuil,80,Male
145,Korey,Keveren,55,Male
146,Lyndell,Maddyson,25,Female
147,Kamillah,Osgar,30,Female
148,Torr,Beardow,79,Male
149,Brendin,McMeekan,84,Agender
150,Birgitta,Youd,55,Female
151,Nickola,Janovsky,31,Male
152,Chrisse,Hollows,93,Non-binary
153,Arri,Hegerty,67,Male
154,Galvin,Wannan,71,Male
155,Wilton,Burwood,35,Male
156,Kaspar,Dyer,84,Male
157,Marcie,Menichino,41,Female
158,Dara,Jacobsz,28,Female
159,Winne,Meadley,37,Female
160,Barbie,Wolsey,29,Female
161,Gael,Gaitone,14,Male
162,Vasilis,Laible,47,Male
163,Aidan,Jachimak,41,Female
164,Georgette,Heineke,26,Female
165,Yanaton,Filipovic,71,Male
166,Merissa,Linkin,87,Female
167,Mayer,Arnao,43,Male
168,Hester,MacDirmid,88,Female
169,Torrin,Askin,75,Male
170,Lona,Worge,97,Female
171,Rees,Kingswoode,51,Male
172,Kalli,Heathorn,79,Polygender
173,Broddy,Brister,69,Male
174,Andros,Meah,43,Non-binary
175,Delmore,Artus,18,Male
176,Rafa,Standell,13,Female
177,Gavan,Hoggin,84,Genderqueer
178,Galven,Jarlmann,20,Male
179,Jenica,Polglaze,93,Female
180,Thorstein,Dorbin,87,Male
181,Danny,Mushet,48,Female
182,Winslow,McBayne,82,Genderfluid
183,Jerrold,Alldis,65,Male
184,Robinetta,Gainor,40,Female
185,Elise,Ellacott,26,Female
186,Elias,Smelley,90,Genderqueer
187,Vilma,Guiso,60,Female
188,Marcel,Rewcassell,61,Male
189,Drugi,Aujean,36,Male
190,Gardner,Zmitruk,49,Male
191,Izaak,Deguara,35,Male
192,Hamil,Ciccetti,34,Male
193,Dalli,Radmore,81,Male
194,Lida,Walster,72,Female
195,Stanley,Caswill,37,Male
196,Kathie,Cordes,54,Female
197,Filbert,Yourell,17,Male
198,Maure,Brierton,84,Female
199,Hilary,Woolam,46,Male
200,Devland,Olin,78,Male
201,Gerrie,Wildey,32,Female
202,Shane,Ovendale,81,Female
203,Donovan,Treharne,99,Male
204,Holly,Cabena,75,Male
205,Archibold,Menure,30,Male
206,Louie,Tant,17,Male
207,Merridie,Clemencet,92,Female
208,Conny,Shankland,16,Agender
209,Uri,Collinette,65,Male
210,Erhart,Inchbald,74,Male
211,Mora,Mellem,14,Female
212,Hedi,Blackway,49,Agender
213,Adelind,Sandry,67,Female
214,Corette,Skyrme,59,Female
215,Leone,Higgoe,36,Female
216,Alida,Alpine,89,Female
217,Rebekkah,Trill,19,Female
218,Franzen,Rubartelli,30,Male
219,Dominik,Pentlow,78,Male
220,Ingunna,Tallent,73,Female
221,Daphna,Rylett,82,Female
222,Cilka,Sclanders,86,Female
223,Arluene,Binley,58,Genderqueer
224,Alvan,Kidston,88,Male
225,Babbie,Emerton,60,Female
226,Ernest,Probin,97,Male
227,Cyrillus,Leaman,34,Male
228,Flore,Gulston,39,Female
229,Quint,Beggi,73,Genderqueer
230,Seymour,Bridell,25,Non-binary
231,Emmett,Byrd,60,Male
232,June,Ludmann,51,Female
233,Zacharia,Queyeiro,72,Male
234,Rriocard,Shillabeer,27,Male
235,Aubrey,Hutcheon,89,Female
236,Stillmann,Milberry,59,Male
237,Lemar,Fausch,63,Male
238,Shandra,Kindleside,23,Female
239,Nola,Sessuns,55,Female
240,Roscoe,Renforth,16,Male
241,Ray,Kingsley,85,Female
242,Malinda,Latan,33,Female
243,Berne,Keeping,15,Male
244,Guy,Wince,16,Male
245,Fred,Rawsthorn,42,Male
246,Jackelyn,Deverille,100,Female
247,Joel,Honeyghan,64,Male
248,Waiter,Manser,20,Male
249,Ardella,Kilshall,95,Female
250,Melessa,Bote,43,Female
251,Nicolais,Dufer,89,Male
252,Berky,Buzek,86,Male
253,Finley,Hercock,85,Male
254,Lowe,Dullard,86,Male
255,Carilyn,Blatchford,79,Female
256,Walton,Robins,85,Male
257,Marlena,Geard,47,Female
258,Norean,Cordes,82,Genderfluid
259,Felike,Gladdolph,92,Male
260,Clerc,Forgan,94,Non-binary
261,Briney,Wilbor,27,Female
262,Zackariah,Jaumet,13,Male
263,Myriam,Eadmeades,38,Female
264,Stefan,Bortoletti,38,Male
265,Sheelah,Holde,14,Female
266,Orelia,Hanwell,35,Female
267,Sinclair,Binley,19,Male
268,Aggie,Cawtheray,69,Female
269,Brana,Wisniewski,68,Female
270,Corri,McKeevers,78,Female
271,Nahum,Thicking,54,Male
272,Edithe,Hatton,42,Female
273,Simonette,Gowdridge,29,Female
274,Toby,Loadman,83,Male
275,Laraine,Full,18,Female
276,Jessica,Atwill,91,Female
277,Giulia,Gotter,36,Female
278,Jaimie,Goldis,95,Non-binary
279,Gracia,Rogier,94,Female
280,Farlee,Jennick,40,Male
281,Petronilla,Freda,79,Female
282,Bryanty,Heady,74,Male
283,Rhoda,Darling,64,Female
284,Tymothy,McIlwreath,79,Male
285,Casar,Ife,48,Male
286,Shelagh,Matejovsky,14,Female
287,Hort,Suddaby,20,Male
288,Gerianne,Pentony,69,Female
289,Shae,Flooks,74,Male
290,Saunderson,Swyne,100,Male
291,Corney,Brugger,63,Male
292,Ashlan,Brayn,31,Female
293,Chic,Elsay,23,Male
294,Pepito,Goggen,19,Male
295,Florentia,Glendenning,37,Female
296,Gardie,Bartosik,91,Male
297,Cole,Douberday,90,Male
298,Englebert,Towers,84,Genderfluid
299,Sybil,Osman,98,Female
300,Jerome,Goakes,90,Male
301,Field,Titlow,84,Male
302,Lay,Spyvye,66,Male
303,Thatcher,Oseland,69,Male
304,Ingram,Tofpik,86,Male
305,Nicol,Postance,83,Non-binary
306,Corenda,Snalom,22,Female
307,Jenn,William,69,Female
308,Anthony,Bonnor,50,Male
309,Belicia,Downie,88,Genderfluid
310,Mauricio,Bernette,58,Male
311,Delcina,Kinzel,91,Female
312,Daria,Yeiles,99,Female
313,Annmaria,Chaloner,65,Female
314,Amaleta,Kiddye,71,Female
315,Mariellen,Burditt,61,Female
316,Herb,Boxall,74,Genderqueer
317,Augustine,Templeton,14,Female
318,Tessy,Narbett,26,Female
319,Patrizius,Kingsmill,40,Male
320,Gussie,Riddler,40,Female
321,Ellyn,Savery,39,Female
322,Clarine,Clarkson,83,Female
323,Ephrayim,McKiddin,85,Male
324,Brigida,McQuode,31,Female
325,Neda,Jandel,94,Female
326,Bogart,McCourt,42,Male
327,Kathrine,Dundendale,40,Female
328,Moises,Ormerod,37,Male
329,Janie,Paute,95,Female
330,Town,Kochs,42,Male
331,Jasmina,Pelz,75,Female
332,Packston,Rule,87,Male
333,Grantham,Forgan,68,Non-binary
334,Nessy,Anstiss,21,Female
335,Joanna,Joberne,52,Female
336,Gery,Summerson,27,Male
337,Luis,Kuhn,85,Male
338,Vinny,Arrell,89,Female
339,Sidnee,Snoddy,45,Male
340,Charil,Prater,54,Female
341,Gannie,Parzis,88,Male
342,Garvin,Erley,53,Male
343,Lindsey,Thornborrow,99,Genderqueer
344,Salvador,Dollen,97,Male
345,Richart,Popple,89,Male
346,Chiquia,Van Schafflaer,89,Female
347,Lockwood,Bater,17,Male
348,Trumaine,Hardesty,33,Male
349,Vanny,Scade,58,Female
350,Rasla,Shergill,23,Female
351,Mateo,Novik,93,Male
352,Alfreda,Kiera,31,Female
353,Courtenay,Buckell,43,Female
354,Rod,Rogier,47,Male
355,Eadie,Du Plantier,38,Female
356,Anstice,Fatscher,73,Female
357,Ramsay,McQueen,35,Male
358,Wallis,Beaston,46,Male
359,Nat,Hannum,88,Female
360,Norry,Snowding,77,Male
361,Cornie,McQuaide,75,Female
362,Thornton,Stirley,44,Male
363,Jessamyn,Aldwich,80,Female
364,Idaline,Fassmann,38,Female
365,Vitoria,De Ambrosis,16,Female
366,Dorolice,Toopin,99,Female
367,Bobette,Wraighte,71,Female
368,Sharron,Eim,55,Genderqueer
369,Petr,Treadwell,93,Male
370,Rosamund,Estcot,24,Female
371,Barry,Battson,88,Male
372,Caril,Gilstoun,58,Female
373,Karoline,Scanterbury,48,Female
374,Alyse,Haster,16,Female
375,Winnah,Scrogges,68,Female
376,Kellen,Flanne,85,Female
377,Humfrey,Timpany,63,Male
378,Dodi,Salzen,29,Agender
379,Enrika,Beeres,75,Female
380,Carleen,Fairham,76,Female
381,Ed,Giovannoni,94,Male
382,Sallie,Jendrich,56,Female
383,Camella,Fearnyhough,71,Female
384,Phillip,Isack,80,Male
385,Morley,Lias,33,Bigender
386,Ludovico,Patman,68,Male
387,Stephenie,Rallin,13,Female
388,Leilah,Gurrado,80,Female
389,Rodolph,Yeliashev,53,Male
390,Florinda,Shimwell,35,Female
391,Lyle,Posten,97,Male
392,Kort,Grigore,30,Male
393,Oralia,Rowet,80,Female
394,Clerissa,Gamil,35,Female
395,Donal,Blare,44,Male
396,Natka,Hibling,47,Female
397,Katina,Chaffer,89,Female
398,Christopher,Meeke,91,Male
399,Blakeley,McCaughen,14,Female
400,Fairlie,Pearde,33,Male
401,Curcio,Bett,82,Male
402,Raimundo,Sharrier,91,Genderfluid
403,Egan,Tharme,91,Male
404,Candie,Boam,89,Female
405,Bram,Solon,69,Male
406,Terrel,Grosvenor,87,Male
407,Risa,Vedntyev,17,Female
408,Ida,Bezant,77,Female
409,Kennan,McGannon,56,Male
410,Hasheem,Freegard,80,Male
411,Clemmy,Wix,61,Agender
412,Valentin,Gillhespy,34,Male
413,Ted,Hepher,27,Male
414,Aube,Pantry,69,Male
415,Fayre,Gumley,84,Female
416,Marley,Hunter,34,Female
417,Dorine,Gullick,60,Female
418,Irvin,Ruddock,81,Male
419,Elvis,Morfield,28,Male
420,Lothario,Prescot,46,Male
421,Dionis,Noseworthy,76,Female
422,Dwight,Jellico,96,Male
423,Elvis,Loins,40,Male
424,Lalo,Chennells,96,Male
425,Gerrard,Skellern,89,Male
426,Gratia,Lowings,22,Female
427,Svend,Pearce,100,Male
428,Willy,Westraw,68,Male
429,Kalli,Gyrgorcewicx,28,Female
430,Maxie,Kornalik,73,Male
431,Corena,Ricca,38,Female
432,Harwilll,Garman,77,Male
433,Aloysia,Luc,80,Female
434,Granger,Borrill,60,Male
435,Nikolas,McMenamie,45,Male
436,Sergio,Behneke,47,Male
437,Sven,Howgill,96,Male
438,Hugh,Coghlan,52,Non-binary
439,Marena,Haggeth,62,Female
440,Freddie,Orteau,97,Female
441,Courtnay,Cornall,90,Male
442,Nissie,Cogdon,59,Female
443,Katlin,Noble,46,Female
444,Selene,Hinrichsen,46,Bigender
445,Bridget,Sides,97,Female
446,Gard,Greenrod,47,Male
447,Calhoun,Pitkeathly,74,Male
448,Florencia,Rippon,78,Female
449,Hillary,Hulburt,51,Male
450,Robbin,Mousby,67,Female
451,Boyd,Cleft,85,Male
452,Clarence,McIlwrath,58,Male
453,Maria,MacMakin,76,Female
454,Tarrance,Masarrat,17,Agender
455,Fern,Sedman,47,Female
456,Amandie,Padmore,16,Female
457,Ronica,Listone,41,Female
458,Modestia,Arnull,24,Female
459,Valaree,Benedikt,84,Female
460,Caritta,Vertigan,30,Female
461,Emanuel,Ludovici,97,Male
462,Shepard,Backe,88,Male
463,Neils,Hagston,43,Non-binary
464,Virge,Piggen,56,Male
465,Noby,Landrieu,22,Male
466,Ethel,Maymand,85,Female
467,Sanderson,Swiffen,55,Male
468,Hilly,Soot,57,Male
469,Clarabelle,Shaddick,78,Female
470,Verla,Lumsdall,32,Polygender
471,Rosette,Brocket,68,Genderfluid
472,Heda,Nutbeam,87,Female
473,Northrop,Dumbleton,32,Male
474,Artus,Pinchin,59,Male
475,Dacia,Sandom,14,Female
476,Dani,Heel,32,Male
477,Wang,Hargate,18,Male
478,Thadeus,Perico,40,Male
479,Kelsey,Maymand,65,Male
480,Gwendolyn,Dawley,76,Female
481,Ettie,Cattlemull,52,Female
482,Laurena,Simanenko,48,Female
483,Timmie,Wardhaw,21,Genderqueer
484,Constanta,Bezzant,66,Female
485,Sheila,Ferdinand,38,Female
486,Marga,Carthy,86,Female
487,Melany,Middell,86,Female
488,Clemente,Chinnock,20,Male
489,Henriette,Caldecot,36,Female
490,Dick,Garey,23,Male
491,Ludwig,McGlynn,74,Male
492,Desiree,Lampard,54,Female
493,Maurita,Dodge,50,Female
494,Clayborn,Laugherane,81,Non-binary
495,Nealson,Toretta,46,Male
496,Marnie,Otham,63,Female
497,Essy,Goligly,41,Female
498,Noella,Ferryn,37,Female
499,Layla,Woodwin,31,Female
500,Kynthia,Perelli,88,Female
501,Hallsy,Simkovich,95,Male
502,Pearle,Kilfeather,62,Polygender
503,Nikita,Bertomier,88,Male
504,Horatia,Duffer,61,Genderfluid
505,Iosep,Champkins,93,Male
506,Judy,Sanpher,37,Female
507,Aldin,Treves,27,Male
508,Olivier,Klaes,65,Male
509,Winna,Neilus,24,Genderqueer
510,Viola,Hollyland,80,Female
511,Meris,Fortnum,64,Female
512,Mayor,Baldelli,77,Male
513,Coleen,Lapslie,53,Female
514,Major,Brager,52,Male
515,Alaric,Scarlin,80,Male
516,Murry,McGaughey,13,Male
517,Wolfgang,Huxter,14,Male
518,Lindsay,Condell,34,Female
519,Sallee,Gockeler,62,Female
520,Gregoire,Tripett,77,Male
521,Prentiss,Garrish,61,Male
522,Vittorio,Spiteri,71,Male
523,Lowe,Dufore,88,Male
524,Mano,Ratray,92,Male
525,Tandi,O'Hannay,74,Female
526,Ethelin,Strodder,27,Female
527,Joaquin,Kenner,99,Genderqueer
528,Aggi,Freiberg,16,Female
529,Towney,Andras,35,Male
530,Marj,Diggin,69,Female
531,Travis,Puig,100,Male
532,Ezmeralda,Schimann,74,Non-binary
533,Sterne,Giddens,18,Male
534,Kylynn,Pratley,37,Female
535,Joellyn,Cumes,55,Female
536,Chrissie,Halsted,29,Female
537,Warner,Woodard,14,Agender
538,Alisun,Jarad,39,Female
539,Riannon,Clarkson,82,Female
540,Filide,Wyburn,90,Female
541,Winni,Halsworth,24,Female
542,Averil,Rucklidge,55,Male
543,Shalom,Gambell,85,Male
544,Derick,Walters,98,Male
545,Jamie,Rodenhurst,62,Male
546,Christa,Wiffield,49,Female
547,Terrye,Morphey,50,Female
548,Findlay,Eschalotte,70,Male
549,Mari,Ramsell,29,Female
550,Karel,Rotchell,67,Male
551,Shaylynn,Gallaccio,27,Female
552,Lydon,Douberday,49,Male
553,Mathilde,Meace,92,Female
554,Cobb,Icke,49,Male
555,Rooney,Scare,57,Male
556,Ulla,Van Leeuwen,17,Polygender
557,Jaquith,Blaycock,16,Female
558,Nathalia,Revie,73,Female
559,Stavro,Swanbourne,77,Male
560,Granville,Eisak,39,Male
561,Danila,Balloch,29,Female
562,Philipa,Jain,69,Female
563,Tamiko,Canedo,43,Female
564,Jillana,Sieve,59,Female
565,Irita,Dugan,74,Female
566,Bil,Hinder,24,Male
567,Bourke,Pryde,57,Male
568,Lonnard,Bane,77,Male
569,Darcee,Bus,93,Female
570,Arabel,Mulmuray,66,Female
571,Gena,Asple,98,Female
572,Lilah,Le Batteur,50,Female
573,Helene,Niesing,32,Female
574,Asa,Mattys,19,Male
575,Jabez,Becraft,98,Bigender
576,Penrod,Ajsik,69,Male
577,Saunders,Dallman,16,Male
578,Egan,Wain,99,Male
579,Kacy,Haffenden,50,Female
580,Kass,Prinne,31,Female
581,Leora,Klageman,97,Female
582,Kerianne,Wile,27,Non-binary
583,Vasili,Geany,93,Male
584,Feliks,Jacks,57,Male
585,Man,MacGarvey,58,Male
586,Marnia,Roaf,72,Female
587,Benji,McAlister,36,Male
588,Tommy,Girsch,20,Female
589,Lancelot,Denisot,44,Bigender
590,Constantine,Lawdham,44,Male
591,Dannel,Sommerlie,89,Male
592,Abeu,Blackborow,52,Male
593,Domeniga,Ahren,83,Female
594,Margaret,Mazella,96,Female
595,Israel,Tolworth,71,Male
596,Berny,Swiers,46,Male
597,Cortie,Girk,27,Male
598,Neron,Titterton,63,Male
599,Rustin,Campey,48,Male
600,Rebeka,Cruddace,21,Female
601,Orland,Tawn,71,Male
602,Margaretta,Follin,70,Female
603,Nicolle,Coo,44,Non-binary
604,Garey,Slater,89,Male
605,Christos,Giuron,56,Male
606,Petronilla,Fortnam,21,Female
607,Laney,Railton,37,Male
608,Farlee,Salmen,67,Male
609,Sancho,Wimpress,19,Male
610,Barris,Rameaux,64,Male
611,Dorree,Wray,84,Female
612,Darryl,Waghorne,63,Female
613,Eldredge,Godlip,48,Male
614,Rodrique,Pullan,33,Male
615,Lemmie,Roscam,95,Male
616,Fancy,Simonnot,70,Female
617,Glynda,Metheringham,23,Non-binary
618,Ewen,Whittaker,67,Male
619,Orrin,Stook,53,Male
620,Batsheva,Sacase,27,Female
621,Ker,Furzer,69,Male
622,Lizzy,Youles,75,Female
623,Farlee,Cavet,34,Male
624,Yuri,Butson,68,Male
625,Cheston,Trustey,75,Male
626,Corrine,Halliday,75,Female
627,Gwen,Revely,19,Female
628,Lesly,Pelham,72,Female
629,Chev,Penhall,15,Male
630,Shelley,Chaldecott,33,Male
631,Korry,Mival,68,Agender
632,Andres,Demchen,53,Male
633,Aviva,Stiegars,46,Female
634,Sherwood,Cobden,81,Male
635,Skippie,Vigours,32,Male
636,Anitra,Creebo,96,Female
637,Yvette,Pien,64,Female
638,Malinde,Zarfat,46,Agender
639,Carey,Fewtrell,27,Male
640,Weylin,Winterflood,85,Non-binary
641,Nicolas,Pinching,25,Male
642,Antonie,Jakes,14,Non-binary
643,Adah,Amar,55,Female
644,Bale,Lympenie,99,Male
645,Leigh,Christauffour,82,Male
646,Konstance,Downie,49,Female
647,Phillipe,Eyckel,39,Male
648,Hana,Mordin,45,Female
649,Bernie,Grabb,15,Male
650,Nina,Budibent,36,Genderqueer
651,Kenny,Bohey,84,Male
652,Allie,Vesty,51,Female
653,Ethelbert,Mourbey,45,Male
654,Alonso,Lehon,29,Male
655,Rosaleen,Niemiec,83,Female
656,Erskine,Drayn,99,Male
657,Cathleen,Pontefract,87,Female
658,Emmeline,Laugherane,73,Female
659,Kin,Baudacci,85,Male
660,Danny,Crayker,62,Female
661,Gregoire,Haggerston,80,Male
662,Brigitte,Wain,50,Female
663,Craig,Keough,87,Male
664,Burgess,Janauschek,99,Male
665,Sheryl,Youens,38,Female
666,Antoni,Dallinder,45,Male
667,Susie,Cuming,34,Bigender
668,Richardo,Gash,27,Male
669,Gradeigh,Hodge,34,Male
670,Irving,Bonifazio,32,Male
671,Pammy,Ede,43,Female
672,Shaughn,Davio,35,Male
673,Carmita,Kenninghan,36,Female
674,Nessi,Compston,48,Female
675,Bastian,Riddich,40,Male
676,Philipa,Long,30,Female
677,Daisy,Townshend,91,Female
678,Beryle,Dunmore,82,Female
679,Rebecca,Edgeson,84,Female
680,Katerina,Agdahl,69,Polygender
681,Aube,Gobel,78,Non-binary
682,Imogene,Tull,91,Female
683,Wes,Evemy,75,Male
684,Paulina,Jedrzaszkiewicz,28,Female
685,Rudolfo,Gedge,77,Male
686,Aron,Simonaitis,79,Male
687,Beaufort,Beamson,61,Male
688,Rae,Dreinan,78,Female
689,Jerrie,Bertelmot,77,Female
690,Aimee,Wardley,76,Female
691,Mara,Kesten,98,Female
692,Farley,Padilla,43,Male
693,Oran,Dzenisenka,98,Male
694,Kirbee,Syphas,52,Female
695,Merrily,Askey,81,Female
696,Hercule,Meddows,41,Male
697,Yanaton,Quarless,81,Male
698,Gardener,Danjoie,17,Male
699,Margaretha,Sazio,22,Female
700,Hamlen,Kingston,40,Male
701,Frasier,Volke,46,Male
702,Mattias,Martinot,15,Male
703,Andree,Braidman,33,Female
704,Corinna,Upjohn,22,Female
705,Son,McDavitt,73,Male
706,Priscella,Potier,18,Female
707,Sherlocke,Canto,31,Male
708,Lusa,Rigg,19,Female
709,Gunther,Disbrow,58,Male
710,Alley,Ossipenko,86,Male
711,Hasheem,Shout,84,Male
712,Loralie,Benedito,18,Female
713,Eberhard,Volett,27,Male
714,Codie,Orgen,94,Male
715,Candide,McLenaghan,52,Female
716,Miquela,Defau,14,Female
717,Cam,Hillock,62,Male
718,Shannan,Thornham,88,Male
719,Cyril,Mutimer,95,Male
720,West,Yegorov,48,Male
721,Port,Putland,23,Male
722,Sibyl,Ferroli,95,Male
723,Koren,Willas,48,Genderfluid
724,Linus,Heersma,50,Male
725,Sheffield,Gowenlock,100,Male
726,Codee,Eddy,76,Female
727,Gwenneth,Ninnis,46,Female
728,Bette-ann,Kurt,30,Female
729,Cris,Rimer,41,Male
730,Yvor,Batson,30,Male
731,Katusha,McLaughlin,75,Female
732,Delmore,Hazeldean,58,Male
733,Layton,Kimble,50,Male
734,Bernete,Skivington,81,Female
735,Hyacinth,Burkhill,80,Female
736,Paige,MacGeffen,42,Male
737,Donny,De Giovanni,44,Female
738,Waverly,Rupke,56,Male
739,Debor,Sabattier,61,Female
740,Jareb,Hordell,77,Male
741,Sophronia,Bullan,28,Female
742,Dorri,Marklin,99,Female
743,Lola,Harrowell,50,Female
744,Silvan,Rosborough,46,Male
745,Marlyn,Carnock,43,Female
746,Rex,Peddowe,44,Male
747,Adamo,Sworn,28,Male
748,Suzette,Bierling,58,Female
749,Theda,Hawkings,36,Female
750,Kissee,McUre,92,Female
751,Marjory,Cleen,58,Female
752,Ingram,Fairlam,38,Bigender
753,Mohandas,Orrah,13,Male
754,Reginauld,Barwick,63,Male
755,Tomkin,Culverhouse,23,Male
756,Bogart,Crighten,65,Male
757,Melicent,Newbery,71,Female
758,Corette,Sabater,89,Female
759,Daron,Gehrels,92,Male
760,Hillard,Ennor,18,Male
761,Welbie,Hryncewicz,48,Male
762,Dyane,Hymor,72,Female
763,Friedrich,McKirdy,51,Male
764,Jervis,Treske,29,Male
765,Kayne,Delacroix,32,Male
766,Stevie,Davydochkin,44,Male
767,Davita,Winyard,40,Female
768,Wake,Wallman,48,Male
769,Ramsey,Ghio,57,Agender
770,Normie,Etchingham,29,Male
771,Carney,Silverston,71,Male
772,Avery,Redmile,23,Male
773,Portie,Piscopello,63,Male
774,Devon,Pitt,89,Female
775,Emmett,Casely,56,Male
776,Myrta,Rosetti,53,Female
777,Betteanne,Jentin,76,Female
778,Ingmar,Teager,78,Male
779,Peggy,Hennemann,24,Female
780,Steffi,Knibley,77,Female
781,Idette,Jeune,86,Female
782,Valeria,Sidry,56,Female
783,Hans,Buxy,72,Agender
784,Haven,Rozenbaum,52,Male
785,Delilah,Ivasechko,15,Female
786,Caprice,Roxbee,16,Female
787,Gavrielle,Hatcliffe,58,Female
788,Stan,Withur,24,Genderqueer
789,Zach,Rebert,31,Male
790,Dredi,Stannering,93,Female
791,Dolph,Stollenhof,20,Male
792,Lammond,Lowthian,77,Male
793,Oliviero,Apfler,93,Male
794,Torr,Mapplebeck,22,Male
795,Carita,Pexton,99,Female
796,Woodman,Fishpoole,24,Male
797,Elisha,Master,62,Male
798,Eustacia,Harradence,95,Genderqueer
799,Ambrosius,Lanham,73,Male
800,Carmina,Longhurst,33,Female
801,Regen,Cheeseman,78,Male
802,Mommy,Zanioletti,56,Female
803,Rodger,Branchflower,25,Male
804,Caldwell,Mannix,58,Male
805,Homere,Greenhill,100,Male
806,Toma,Hutfield,43,Female
807,Aldric,Duckham,79,Male
808,Patrick,Weson,20,Genderqueer
809,Jud,Songer,80,Male
810,Eolande,Seabrooke,86,Female
811,Terrye,Gorcke,77,Female
812,Kaila,Callard,58,Female
813,Cobbie,Josephsen,87,Male
814,Hamid,Redley,55,Male
815,Kaja,Devas,81,Female
816,Milton,Zylberdik,42,Male
817,Eugenia,Senussi,66,Genderqueer
818,Mord,Novotne,55,Male
819,Annis,Molnar,17,Female
820,Llywellyn,Porch,82,Male
821,Leonelle,Balharry,45,Female
822,Clarinda,Bough,14,Female
823,Derril,Nelthorp,96,Male
824,Samson,Deadman,58,Male
825,Gabriello,Aslott,59,Male
826,Zorana,Hymas,90,Female
827,Antoni,Evered,40,Male
828,Sigismund,Cornford,55,Male
829,Ed,MacDiarmid,51,Male
830,Kathi,Grigs,37,Female
831,Joann,Jedrzejewski,35,Female
832,Barr,Hellin,55,Male
833,Elysia,Kleyn,29,Female
834,Yorgo,Leyland,38,Male
835,Valerie,Aspinell,94,Female
836,Felizio,Muzzini,57,Male
837,Forbes,Renbold,34,Genderfluid
838,Rosalie,Domleo,24,Female
839,Dasi,Corr,76,Female
840,Elsie,Caulliere,21,Female
841,Costa,Lamden,63,Male
842,Darci,Knuckles,62,Female
843,Janet,Arcase,67,Female
844,Briano,Lyddon,30,Male
845,Aldous,Gaynes,48,Male
846,Betti,Tilling,75,Genderfluid
847,Ulrick,Seywood,59,Male
848,Ainsley,Reinhart,49,Female
849,Jenny,Crunkhorn,67,Female
850,Blair,Verrico,75,Female
851,Jacob,Prentice,77,Male
852,Janaye,Arblaster,84,Female
853,Valina,Kleinlerer,81,Female
854,Louisette,Stoffers,23,Female
855,Shane,Kenninghan,16,Male
856,Glyn,Iskow,73,Female
857,Monty,Riccardelli,55,Male
858,Morgan,Kernar,23,Female
859,Teddy,Handasyde,34,Female
860,Rosita,McLugaish,21,Female
861,Ninette,de Lloyd,70,Female
862,Eryn,Lewzey,57,Genderqueer
863,Tedra,Saint,71,Female
864,Lois,Andersen,18,Non-binary
865,Sunny,Christin,47,Female
866,Albrecht,Dobbings,71,Non-binary
867,Sallyanne,Spurr,26,Female
868,Stormy,Vallintine,96,Female
869,Fonz,Phonix,18,Male
870,Abigale,Sperwell,63,Female
871,Kenneth,Shervil,25,Male
872,Abigail,Toombs,81,Female
873,Greer,Scullard,51,Female
874,Zahara,Le Provost,35,Female
875,Cristi,Drabble,31,Female
876,Vinni,Constable,92,Female
877,Emelyne,Walsom,35,Female
878,Amaleta,Tesimon,82,Female
879,Saree,Larmett,81,Female
880,Althea,Mehaffey,67,Female
881,Codee,Caswill,40,Female
882,Paulette,Pilfold,47,Female
883,Camile,Daspar,66,Female
884,Patric,Aronowicz,57,Bigender
885,Deana,Ridgwell,89,Genderqueer
886,Collie,McCafferky,90,Female
887,Karia,Gullivan,25,Female
888,Vivi,Wolvey,95,Genderfluid
889,Thaddeus,Manueau,38,Male
890,Margaretta,Bigby,50,Female
891,Heall,Adshede,18,Male
892,Zebulon,Backshaw,94,Genderfluid
893,Leola,Moorhead,87,Female
894,Sallyann,Goldstone,54,Female
895,Haslett,Chanders,52,Male
896,Harrie,de Guerre,14,Female
897,Dar,De Cruce,83,Male
898,Waldo,Dickons,69,Male
899,Bartel,MacGinlay,88,Male
900,Kara-lynn,Francey,21,Female
901,Lorilee,Urvoy,41,Female
902,Stepha,Ferneyhough,55,Female
903,Monica,Moland,45,Female
904,Ali,Heinig,49,Female
905,Cecil,Smitherman,20,Female
906,Eran,O' Hogan,37,Female
907,Siouxie,Gully,50,Female
908,Jesus,Haffenden,70,Male
909,Becca,Mabbot,50,Female
910,Vincents,Haveline,84,Male
911,Alfy,Sidgwick,39,Male
912,Jenica,Beevors,94,Female
913,Cookie,Swedeland,22,Female
914,Dill,Hexum,56,Male
915,Thibaud,MacMeeking,87,Male
916,Maggie,Rosenbloom,87,Female
917,Demott,Milillo,75,Male
918,Wells,Ackenhead,30,Bigender
919,Delcina,Rouby,87,Female
920,Nanci,Clawson,78,Female
921,Jimmie,Upward,86,Male
922,Jard,Krysztofiak,98,Male
923,Markus,Brisland,25,Male
924,Jecho,Thomasson,70,Male
925,Earlie,Phillins,20,Male
926,Velma,Millmoe,66,Female
927,Evelyn,Turle,19,Male
928,Nettie,Kynson,25,Female
929,Ken,Kinane,80,Male
930,Adriena,Grinvalds,55,Female
931,Annabell,Milner,67,Non-binary
932,Fax,Syphas,84,Male
933,Eddie,Auld,68,Female
934,Ronny,Franciskiewicz,19,Male
935,Luce,Jirka,55,Male
936,Currey,Blitz,94,Male
937,Ellswerth,Dolligon,75,Male
938,Marcile,Gravy,30,Female
939,Adolph,Brigdale,35,Male
940,Salvador,Nickell,96,Male
941,Kelsey,Bullas,85,Female
942,Tobiah,Tickner,63,Male
943,Shaylynn,Dunmore,61,Female
944,Farlay,Covet,75,Male
945,Yetty,Artz,90,Female
946,Dennis,Merington,18,Male
947,Patrizia,Parnall,40,Female
948,Barnebas,Hackett,56,Male
949,Cornelius,Crackel,13,Male
950,Zackariah,Ronchi,39,Male
951,Christophe,Winter,91,Male
952,Laurene,Lashmore,99,Female
953,Ellsworth,Lulham,82,Bigender
954,Susann,Scherer,41,Female
955,Sonny,Walthall,95,Male
956,Lauree,Tenniswood,76,Female
957,Berke,Axup,98,Male
958,Hans,Dearnaly,87,Male
959,Dela,Etter,69,Female
960,Karin,Pownall,27,Female
961,Zacharias,Bousler,16,Male
962,Jephthah,Cauldfield,61,Male
963,Radcliffe,Orrell,64,Male
964,Ariel,Allso,42,Female
965,Arda,Duguid,38,Female
966,Xavier,Batchan,75,Male
967,Winn,Gavagan,77,Male
968,Micaela,Arrow,57,Female
969,Tammi,Bullick,62,Female
970,Allyn,Speachley,61,Male
971,Menard,Santry,40,Genderfluid
972,Rosie,Ruprich,23,Female
973,Alyce,Wilber,26,Female
974,Prudence,Dawe,68,Female
975,Leland,Daffey,94,Female
976,Millard,Braven,52,Non-binary
977,Dahlia,Snowdon,28,Female
978,Avis,Stitson,18,Female
979,Vida,Goncalo,35,Female
980,Tilda,Breslau,30,Female
981,Tatum,Flucks,71,Non-binary
982,Eleanora,Kelle,34,Female
983,Nickie,Lanchester,86,Male
984,Liza,Bernardeau,48,Female
985,Ignace,Lyman,66,Male
986,Patti,Eubank,31,Female
987,Evangeline,Kyle,96,Polygender
988,Dorian,Websdale,67,Female
989,Franky,Pointer,70,Male
990,Jasper,Hardwidge,67,Male
991,Tommie,Sherrock,18,Male
992,Tod,Fellnee,99,Male
993,Carlotta,McParland,80,Female
994,Winthrop,Grigor,45,Male
995,Teddi,O'Lagen,31,Female
996,Rebbecca,Angrove,61,Female
997,Leela,Collin,77,Female
998,Grantley,Carnow,80,Male
999,Pieter,Mouse,43,Male
1000,Alexis,Tripcony,80,Male
